"","fixed.acidity","volatile.acidity","citric.acid","residual.sugar","chlorides","total.sulfur.dioxide","density","pH","sulphates","alcohol","quality"
"1",7.4,0.7,0,1.9,0.076,34,0.9978,3.51,0.56,9.4,"1"
"2",7.8,0.88,0,2.6,0.098,67,0.9968,3.2,0.68,9.8,"1"
"3",7.8,0.76,0.04,2.3,0.092,54,0.997,3.26,0.65,9.8,"1"
"4",11.2,0.28,0.56,1.9,0.075,60,0.998,3.16,0.58,9.8,"2"
"5",7.4,0.7,0,1.9,0.076,34,0.9978,3.51,0.56,9.4,"1"
"6",7.4,0.66,0,1.8,0.075,40,0.9978,3.51,0.56,9.4,"1"
"7",7.9,0.6,0.06,1.6,0.069,59,0.9964,3.3,0.46,9.4,"1"
"8",7.3,0.65,0,1.2,0.065,21,0.9946,3.39,0.47,10,"2"
"9",7.8,0.58,0.02,2,0.073,18,0.9968,3.36,0.57,9.5,"2"
"10",6.7,0.58,0.08,1.8,0.097,65,0.9959,3.28,0.54,9.2,"1"
"11",5.6,0.615,0,1.6,0.089,59,0.9943,3.58,0.52,9.9,"1"
"12",8.5,0.28,0.56,1.8,0.092,103,0.9969,3.3,0.75,10.5,"2"
"13",7.6,0.39,0.31,2.3,0.082,71,0.9982,3.52,0.65,9.7,"1"
"14",7.9,0.43,0.21,1.6,0.106,37,0.9966,3.17,0.91,9.5,"1"
"15",8.5,0.49,0.11,2.3,0.084,67,0.9968,3.17,0.53,9.4,"1"
"16",6.9,0.4,0.14,2.4,0.085,40,0.9968,3.43,0.63,9.7,"2"
"17",6.3,0.39,0.16,1.4,0.08,23,0.9955,3.34,0.56,9.3,"1"
"18",7.6,0.41,0.24,1.8,0.08,11,0.9962,3.28,0.59,9.5,"1"
"19",7.1,0.71,0,1.9,0.08,35,0.9972,3.47,0.55,9.4,"1"
"20",7.8,0.645,0,2,0.082,16,0.9964,3.38,0.59,9.8,"2"
"21",6.7,0.675,0.07,2.4,0.089,82,0.9958,3.35,0.54,10.1,"1"
"22",8.3,0.655,0.12,2.3,0.083,113,0.9966,3.17,0.66,9.8,"1"
"23",5.2,0.32,0.25,1.8,0.103,50,0.9957,3.38,0.55,9.2,"1"
"24",7.8,0.6,0.14,2.4,0.086,15,0.9975,3.42,0.6,10.8,"2"
"25",8.1,0.38,0.28,2.1,0.066,30,0.9968,3.23,0.73,9.7,"2"
"26",8.8,0.61,0.3,2.8,0.088,46,0.9976,3.26,0.51,9.3,"0"
"27",7.7,0.935,0.43,2.2,0.114,114,0.997,3.25,0.73,9.2,"1"
"28",8.8,0.66,0.26,1.7,0.074,23,0.9971,3.15,0.74,9.2,"1"
"29",6.6,0.52,0.04,2.2,0.069,15,0.9956,3.4,0.63,9.4,"2"
"30",6.6,0.5,0.04,2.1,0.068,14,0.9955,3.39,0.64,9.4,"2"
"31",7.6,0.51,0.15,2.8,0.11,73,0.9955,3.17,0.63,10.2,"2"
"32",10.2,0.42,0.57,3.4,0.07,10,0.9971,3.04,0.63,9.6,"1"
"33",7.8,0.59,0.18,2.3,0.076,54,0.9975,3.43,0.59,10,"1"
"34",7.3,0.39,0.31,2.4,0.074,46,0.9962,3.41,0.54,9.4,"2"
"35",8.8,0.4,0.4,2.2,0.079,52,0.998,3.44,0.64,9.2,"1"
"36",7.7,0.69,0.49,1.8,0.115,112,0.9968,3.21,0.71,9.3,"1"
"37",7,0.735,0.05,2,0.081,54,0.9966,3.39,0.57,9.8,"1"
"38",6.6,0.705,0.07,1.6,0.076,15,0.9962,3.44,0.58,10.7,"1"
"39",7.7,0.69,0.22,1.9,0.084,94,0.9961,3.31,0.48,9.5,"1"
"40",8.3,0.675,0.26,2.1,0.084,43,0.9976,3.31,0.53,9.2,"0"
"41",8.8,0.41,0.64,2.2,0.093,42,0.9986,3.54,0.66,10.5,"1"
"42",6.8,0.785,0,2.4,0.104,30,0.9966,3.52,0.55,10.7,"2"
"43",6.7,0.75,0.12,2,0.086,80,0.9958,3.38,0.52,10.1,"1"
"44",6.2,0.45,0.2,1.6,0.069,15,0.9958,3.41,0.56,9.2,"1"
"45",7.4,0.5,0.47,2,0.086,73,0.997,3.36,0.57,9.1,"1"
"46",6.3,0.3,0.48,1.8,0.069,61,0.9959,3.44,0.78,10.3,"2"
"47",6.9,0.55,0.15,2.2,0.076,40,0.9961,3.41,0.59,10.1,"1"
"48",7.7,0.49,0.26,1.9,0.062,31,0.9966,3.39,0.64,9.6,"1"
"49",7,0.62,0.08,1.8,0.076,24,0.9978,3.48,0.53,9,"1"
"50",7.7,0.49,0.26,1.9,0.062,31,0.9966,3.39,0.64,9.6,"1"
"51",6.8,0.775,0,3,0.102,23,0.9965,3.45,0.56,10.7,"1"
"52",7.6,0.9,0.06,2.5,0.079,10,0.9967,3.39,0.56,9.8,"1"
"53",8.1,0.545,0.18,1.9,0.08,35,0.9972,3.3,0.59,9,"2"
"54",8.3,0.61,0.3,2.1,0.084,50,0.9972,3.4,0.61,10.2,"2"
"55",8.1,0.545,0.18,1.9,0.08,35,0.9972,3.3,0.59,9,"2"
"56",8.1,0.575,0.22,2.1,0.077,65,0.9967,3.29,0.51,9.2,"1"
"57",7.2,0.49,0.24,2.2,0.07,36,0.996,3.33,0.48,9.4,"1"
"58",8.1,0.575,0.22,2.1,0.077,65,0.9967,3.29,0.51,9.2,"1"
"59",6.2,0.63,0.31,1.7,0.088,64,0.9969,3.46,0.79,9.3,"1"
"60",8.4,0.62,0.09,2.2,0.084,108,0.9964,3.15,0.66,9.8,"1"
"61",10.1,0.31,0.44,2.3,0.08,46,0.9988,3.32,0.67,9.7,"2"
"62",9.4,0.4,0.31,2.2,0.09,62,0.9966,3.07,0.63,10.5,"2"
"63",8.3,0.54,0.28,1.9,0.077,40,0.9978,3.39,0.61,10,"2"
"64",7.3,0.695,0,2.5,0.075,13,0.998,3.49,0.52,9.2,"1"
"65",7.8,0.5,0.17,1.6,0.082,102,0.996,3.39,0.48,9.5,"1"
"66",8,0.59,0.16,1.8,0.065,16,0.9962,3.42,0.92,10.5,"2"
"67",5.6,0.5,0.09,2.3,0.049,99,0.9937,3.63,0.63,13,"1"
"68",8.4,0.745,0.11,1.9,0.09,63,0.9965,3.19,0.82,9.6,"1"
"69",7.2,0.415,0.36,2,0.081,45,0.9972,3.48,0.64,9.2,"1"
"70",8.4,0.745,0.11,1.9,0.09,63,0.9965,3.19,0.82,9.6,"1"
"71",6.3,0.39,0.08,1.7,0.066,20,0.9954,3.34,0.58,9.4,"1"
"72",5.8,0.68,0.02,1.8,0.087,94,0.9944,3.54,0.52,10,"1"
"73",6.9,0.49,0.1,2.3,0.074,30,0.9959,3.42,0.58,10.2,"2"
"74",7.3,0.33,0.47,2.1,0.077,11,0.9958,3.33,0.53,10.3,"2"
"75",7.5,0.6,0.03,1.8,0.095,99,0.995,3.35,0.54,10.1,"1"
"76",7.5,0.6,0.03,1.8,0.095,99,0.995,3.35,0.54,10.1,"1"
"77",7.1,0.68,0,2.2,0.073,22,0.9969,3.48,0.5,9.3,"1"
"78",6.8,0.6,0.18,1.9,0.079,86,0.9968,3.59,0.57,9.3,"2"
"79",7.6,0.95,0.03,2,0.09,20,0.9959,3.2,0.56,9.6,"1"
"80",7.8,0.53,0.04,1.7,0.076,31,0.9964,3.33,0.56,10,"2"
"81",7.8,0.63,0.48,1.7,0.1,96,0.9961,3.19,0.62,9.5,"1"
"82",6.8,0.64,0.1,2.1,0.085,101,0.9956,3.34,0.52,10.2,"1"
"83",7.3,0.55,0.03,1.6,0.072,42,0.9956,3.37,0.48,9,"0"
"84",6.8,0.63,0.07,2.1,0.089,44,0.9953,3.47,0.55,10.4,"2"
"85",7.9,0.885,0.03,1.8,0.058,8,0.9972,3.36,0.33,9.1,"0"
"86",8,0.42,0.17,2,0.073,18,0.9972,3.29,0.61,9.2,"2"
"87",7.4,0.62,0.05,1.9,0.068,42,0.9961,3.42,0.57,11.5,"2"
"88",6.9,0.5,0.04,1.5,0.085,49,0.9958,3.35,0.78,9.5,"1"
"89",7.3,0.38,0.21,2,0.08,35,0.9961,3.33,0.47,9.5,"1"
"90",7.5,0.52,0.42,2.3,0.087,38,0.9972,3.58,0.61,10.5,"2"
"91",7,0.805,0,2.5,0.068,20,0.9969,3.48,0.56,9.6,"1"
"92",8.8,0.61,0.14,2.4,0.067,42,0.9969,3.19,0.59,9.5,"1"
"93",8.8,0.61,0.14,2.4,0.067,42,0.9969,3.19,0.59,9.5,"1"
"94",7.2,0.73,0.02,2.5,0.076,42,0.9972,3.44,0.52,9.3,"1"
"95",6.8,0.61,0.2,1.8,0.077,65,0.9971,3.54,0.58,9.3,"1"
"96",6.7,0.62,0.21,1.9,0.079,62,0.997,3.52,0.58,9.3,"2"
"97",8.9,0.31,0.57,2,0.111,85,0.9971,3.26,0.53,9.7,"1"
"98",7.4,0.39,0.48,2,0.082,67,0.9972,3.34,0.55,9.2,"1"
"99",6.4,0.37,0.25,1.9,0.074,49,0.9974,3.57,0.62,9.8,"2"
"100",7.6,0.55,0.21,2.2,0.071,28,0.9964,3.28,0.55,9.7,"1"
"101",7.6,0.55,0.21,2.2,0.071,28,0.9964,3.28,0.55,9.7,"1"
"102",7.3,0.58,0.3,2.4,0.074,55,0.9968,3.46,0.59,10.2,"1"
"103",9.6,0.32,0.47,1.4,0.056,24,0.99695,3.22,0.82,10.3,"2"
"104",7,0.43,0.36,1.6,0.089,37,0.99615,3.34,0.56,9.2,"2"
"105",7.8,0.44,0.28,2.7,0.1,95,0.9966,3.22,0.67,9.4,"1"
"106",8,0.725,0.24,2.8,0.083,62,0.99685,3.35,0.56,10,"2"
"107",8.2,0.57,0.26,2.2,0.06,65,0.9959,3.3,0.43,10.1,"1"
"108",7.8,0.735,0.08,2.4,0.092,41,0.9974,3.24,0.71,9.8,"2"
"109",8.7,0.625,0.16,2,0.101,49,0.9962,3.14,0.57,11,"1"
"110",8.1,0.725,0.22,2.2,0.072,41,0.9967,3.36,0.55,9.1,"1"
"111",7.5,0.49,0.19,1.9,0.076,44,0.9957,3.39,0.54,9.7,"1"
"112",7.8,0.34,0.37,2,0.082,58,0.9964,3.34,0.59,9.4,"2"
"113",7.4,0.53,0.26,2,0.101,72,0.9957,3.15,0.57,9.4,"1"
"114",6.8,0.61,0.04,1.5,0.057,10,0.99525,3.42,0.6,9.5,"1"
"115",8.6,0.645,0.25,2,0.083,28,0.99815,3.28,0.6,10,"2"
"116",7.7,0.43,0.25,2.6,0.073,63,0.99615,3.37,0.58,10.5,"2"
"117",5.2,0.48,0.04,1.6,0.054,106,0.9927,3.54,0.62,12.2,"2"
"118",8,0.38,0.06,1.8,0.078,49,0.99625,3.37,0.52,9.9,"2"
"119",8.5,0.37,0.2,2.8,0.09,58,0.998,3.34,0.7,9.6,"2"
"120",8.2,1,0.09,2.3,0.065,37,0.99685,3.32,0.55,9,"2"
"121",7.2,0.63,0,1.9,0.097,38,0.99675,3.37,0.58,9,"2"
"122",12,0.38,0.56,2.1,0.093,24,0.99925,3.14,0.71,10.9,"2"
"123",7.7,0.58,0.1,1.8,0.102,109,0.99565,3.08,0.49,9.8,"2"
"124",7.1,0.68,0.07,1.9,0.075,51,0.99685,3.38,0.52,9.5,"1"
"125",10.8,0.32,0.44,1.6,0.063,37,0.9985,3.22,0.78,10,"2"
"126",7.1,0.6,0,1.8,0.074,34,0.9972,3.47,0.7,9.9,"2"
"127",11.1,0.35,0.48,3.1,0.09,21,0.9986,3.17,0.53,10.5,"1"
"128",7.7,0.775,0.42,1.9,0.092,86,0.9959,3.23,0.59,9.5,"1"
"129",9.4,0.34,0.37,2.2,0.075,13,0.998,3.22,0.62,9.2,"1"
"130",6.6,0.695,0,2.1,0.075,56,0.9968,3.49,0.67,9.2,"1"
"131",10,0.31,0.47,2.6,0.085,33,0.99965,3.36,0.8,10.5,"2"
"132",7.9,0.33,0.23,1.7,0.077,45,0.99625,3.29,0.65,9.3,"1"
"133",7,0.975,0.04,2,0.087,67,0.99565,3.35,0.6,9.4,"0"
"134",8,0.52,0.03,1.7,0.07,35,0.99575,3.34,0.57,10,"1"
"135",7.9,0.37,0.23,1.8,0.077,49,0.9963,3.28,0.67,9.3,"1"
"136",8.1,0.87,0,3.3,0.096,61,1.00025,3.6,0.72,9.8,"0"
"137",11.4,0.26,0.44,3.6,0.071,19,0.9986,3.12,0.82,9.3,"2"
"138",9.9,0.59,0.07,3.4,0.102,71,1.00015,3.31,0.71,9.8,"1"
"139",9.9,0.59,0.07,3.4,0.102,71,1.00015,3.31,0.71,9.8,"1"
"140",12,0.45,0.55,2,0.073,49,0.9997,3.1,0.76,10.3,"2"
"141",7.5,0.4,0.12,3,0.092,53,0.9967,3.37,0.7,10.3,"2"
"142",8.7,0.52,0.09,2.5,0.091,49,0.9976,3.34,0.86,10.6,"2"
"143",8.7,0.52,0.09,2.5,0.091,49,0.9976,3.34,0.86,10.6,"2"
"144",10.4,0.55,0.23,2.7,0.091,48,0.9994,3.22,0.64,10.3,"2"
"145",6.9,0.36,0.25,2.4,0.098,16,0.9964,3.41,0.6,10.1,"2"
"146",10.8,0.5,0.46,2.5,0.073,27,1.0001,3.05,0.64,9.5,"1"
"147",10.6,0.83,0.37,2.6,0.086,70,0.9981,3.16,0.52,9.9,"1"
"148",7.1,0.63,0.06,2,0.083,29,0.99855,3.67,0.73,9.6,"1"
"149",7.2,0.65,0.02,2.3,0.094,31,0.9993,3.67,0.8,9.7,"1"
"150",7.5,0.53,0.06,2.6,0.086,44,0.9965,3.38,0.59,10.7,"2"
"151",11.1,0.18,0.48,1.5,0.068,15,0.9973,3.22,0.64,10.1,"2"
"152",8.3,0.705,0.12,2.6,0.092,28,0.9994,3.51,0.72,10,"1"
"153",8.4,0.65,0.6,2.1,0.112,90,0.9973,3.2,0.52,9.2,"1"
"154",7.6,0.62,0.32,2.2,0.082,54,0.9966,3.36,0.52,9.4,"1"
"155",7.9,0.53,0.24,2,0.072,105,0.996,3.27,0.54,9.4,"2"
"156",9,0.46,0.31,2.8,0.093,98,0.99815,3.32,0.63,9.5,"2"
"157",7.4,0.36,0.29,2.6,0.087,72,0.99645,3.39,0.68,11,"1"
"158",9.8,0.66,0.39,3.2,0.083,59,0.9989,3.37,0.71,11.5,"2"
"159",9.6,0.77,0.12,2.9,0.082,74,0.99865,3.3,0.64,10.4,"2"
"160",9.3,0.61,0.26,3.4,0.09,87,0.99975,3.24,0.62,9.7,"1"
"161",8.4,0.56,0.08,2.1,0.105,44,0.9958,3.13,0.52,11,"1"
"162",7.9,0.65,0.01,2.5,0.078,38,0.9963,3.34,0.74,11.7,"2"
"163",8.9,0.43,0.45,1.9,0.052,16,0.9948,3.35,0.7,12.5,"2"
"164",7.8,0.43,0.32,2.8,0.08,58,0.9974,3.31,0.64,10.3,"1"
"165",9.6,0.56,0.31,2.8,0.089,46,0.9979,3.11,0.92,10,"2"
"166",9.1,0.795,0,2.6,0.096,26,0.9994,3.35,0.83,9.4,"2"
"167",7.7,0.665,0,2.4,0.09,19,0.9974,3.27,0.73,9.3,"1"
"168",6.7,0.75,0.01,2.4,0.078,32,0.9955,3.55,0.61,12.8,"2"
"169",11.5,0.41,0.52,3,0.08,55,1.0001,3.26,0.88,11,"1"
"170",10.5,0.42,0.66,2.95,0.116,29,0.997,3.24,0.75,11.7,"2"
"171",11.9,0.43,0.66,3.1,0.109,23,1,3.15,0.85,10.4,"2"
"172",8.2,0.7,0.23,2,0.099,81,0.9973,3.19,0.7,9.4,"1"
"173",8.6,0.45,0.31,2.6,0.086,50,0.9982,3.37,0.91,9.9,"2"
"174",11.9,0.58,0.66,2.5,0.072,37,0.9992,3.05,0.56,10,"1"
"175",10.4,0.575,0.61,2.6,0.076,24,1,3.16,0.69,9,"1"
"176",7.9,0.24,0.4,1.6,0.056,25,0.9967,3.32,0.87,8.7,"2"
"177",8.3,0.26,0.42,2,0.08,27,0.9974,3.21,0.8,9.4,"2"
"178",7.7,0.51,0.28,2.1,0.087,54,0.998,3.42,0.74,9.2,"1"
"179",7.8,0.46,0.26,1.9,0.088,53,0.9981,3.43,0.74,9.2,"2"
"180",9.5,0.37,0.52,2,0.082,26,0.998,3.18,0.51,9.5,"1"
"181",11.5,0.59,0.59,2.6,0.087,49,0.9988,3.18,0.65,11,"2"
"182",8.7,0.765,0.22,2.3,0.064,42,0.9963,3.1,0.55,9.4,"1"
"183",11.4,0.6,0.49,2.7,0.085,41,0.9994,3.15,0.63,10.5,"2"
"184",7.7,0.69,0.05,2.7,0.075,27,0.9974,3.26,0.61,9.1,"1"
"185",9.8,0.44,0.47,2.5,0.063,28,0.9981,3.24,0.65,10.8,"2"
"186",12,0.39,0.66,3,0.093,30,0.9996,3.18,0.63,10.8,"2"
"187",9,0.43,0.34,2.5,0.08,86,0.9987,3.38,0.62,9.5,"2"
"188",7.1,0.735,0.16,1.9,0.1,77,0.9966,3.27,0.64,9.3,"1"
"189",10.6,0.48,0.64,2.2,0.111,20,0.997,3.26,0.66,11.7,"2"
"190",6.8,0.77,0,1.8,0.066,52,0.9976,3.62,0.68,9.9,"1"
"191",6.6,0.84,0.03,2.3,0.059,48,0.9952,3.52,0.56,12.3,"2"
"192",7.7,0.96,0.2,2,0.047,60,0.9955,3.36,0.44,10.9,"1"
"193",10.5,0.24,0.47,2.1,0.066,24,0.9978,3.15,0.9,11,"2"
"194",6.6,0.84,0.03,2.3,0.059,48,0.9952,3.52,0.56,12.3,"2"
"195",6.4,0.67,0.08,2.1,0.045,48,0.9949,3.49,0.49,11.4,"2"
"196",9.5,0.78,0.22,1.9,0.077,32,0.9988,3.26,0.56,10.6,"2"
"197",9.1,0.52,0.33,1.3,0.07,30,0.9978,3.24,0.6,9.3,"1"
"198",10.5,0.24,0.47,2.1,0.066,24,0.9978,3.15,0.9,11,"2"
"199",7.8,0.55,0.35,2.2,0.074,66,0.9974,3.25,0.56,9.2,"1"
"200",10.4,0.41,0.55,3.2,0.076,54,0.9996,3.15,0.89,9.9,"2"
"201",8,0.67,0.3,2,0.06,62,0.9958,3.26,0.56,10.2,"2"
"202",11.1,0.45,0.73,3.2,0.066,22,0.9986,3.17,0.66,11.2,"2"
"203",7,0.62,0.18,1.5,0.062,50,0.9951,3.08,0.6,9.3,"1"
"204",5.3,0.57,0.01,1.7,0.054,27,0.9934,3.57,0.84,12.5,"2"
"205",8.6,0.53,0.22,2,0.1,27,0.9967,3.2,0.56,10.2,"2"
"206",11.9,0.39,0.69,2.8,0.095,35,0.9994,3.1,0.61,10.8,"2"
"207",11.9,0.39,0.69,2.8,0.095,35,0.9994,3.1,0.61,10.8,"2"
"208",6.8,0.56,0.03,1.7,0.084,35,0.9968,3.44,0.63,10,"2"
"209",10.4,0.33,0.63,2.8,0.084,22,0.9998,3.26,0.74,11.2,"2"
"210",7,0.23,0.4,1.6,0.063,67,0.9952,3.5,0.63,11.1,"1"
"211",8.9,0.59,0.39,2.3,0.095,22,0.9986,3.37,0.58,10.3,"1"
"212",9.2,0.63,0.21,2.7,0.097,65,0.9988,3.28,0.58,9.6,"1"
"213",9.2,0.43,0.52,2.3,0.083,23,0.9976,3.35,0.61,11.3,"2"
"214",8.3,0.615,0.22,2.6,0.087,19,0.9982,3.26,0.61,9.3,"1"
"215",11.5,0.315,0.54,2.1,0.084,15,0.9987,2.98,0.7,9.2,"2"
"216",10.3,0.5,0.42,2,0.069,51,0.9982,3.16,0.72,11.5,"2"
"217",11.4,0.36,0.69,2.1,0.09,21,1,3.17,0.62,9.2,"2"
"218",8.7,0.82,0.02,1.2,0.07,48,0.9952,3.2,0.58,9.8,"1"
"219",9.6,0.54,0.42,2.4,0.081,52,0.997,3.2,0.71,11.4,"2"
"220",9.6,0.68,0.24,2.2,0.087,28,0.9988,3.14,0.6,10.2,"1"
"221",9.3,0.27,0.41,2,0.091,16,0.998,3.28,0.7,9.7,"1"
"222",9.4,0.685,0.11,2.7,0.077,31,0.9984,3.19,0.7,10.1,"2"
"223",10.2,0.67,0.39,1.9,0.054,17,0.9976,3.17,0.47,10,"1"
"224",10.2,0.645,0.36,1.8,0.053,14,0.9982,3.17,0.42,10,"2"
"225",9.3,0.39,0.4,2.6,0.073,26,0.9984,3.34,0.75,10.2,"2"
"226",8.7,0.69,0.31,3,0.086,81,1.0002,3.48,0.74,11.6,"2"
"227",7.8,0.52,0.25,1.9,0.081,38,0.9984,3.43,0.65,9,"2"
"228",7.2,0.34,0.32,2.5,0.09,113,0.9966,3.32,0.79,11.1,"1"
"229",8.7,0.69,0.31,3,0.086,81,1.0002,3.48,0.74,11.6,"2"
"230",7.8,0.52,0.25,1.9,0.081,38,0.9984,3.43,0.65,9,"2"
"231",10.2,0.49,0.63,2.9,0.072,26,0.9968,3.16,0.78,12.5,"2"
"232",11.2,0.67,0.55,2.3,0.084,13,1,3.17,0.71,9.5,"2"
"233",10,0.59,0.31,2.2,0.09,62,0.9994,3.18,0.63,10.2,"2"
"234",10.5,0.51,0.64,2.4,0.107,15,0.9973,3.09,0.66,11.8,"2"
"235",10.5,0.51,0.64,2.4,0.107,15,0.9973,3.09,0.66,11.8,"2"
"236",9.8,0.25,0.49,2.7,0.088,33,0.9982,3.42,0.9,10,"2"
"237",9.2,0.43,0.49,2.4,0.086,116,0.9976,3.23,0.64,9.5,"1"
"238",7,0.38,0.49,2.5,0.097,85,0.9962,3.39,0.77,11.4,"2"
"239",9.9,0.63,0.24,2.4,0.077,33,0.9974,3.09,0.57,9.4,"1"
"240",9.1,0.22,0.24,2.1,0.078,28,0.999,3.41,0.87,10.3,"2"
"241",11.9,0.38,0.49,2.7,0.098,42,1.0004,3.16,0.61,10.3,"1"
"242",11.9,0.38,0.49,2.7,0.098,42,1.0004,3.16,0.61,10.3,"1"
"243",10.3,0.27,0.24,2.1,0.072,33,0.9956,3.22,0.66,12.8,"2"
"244",10,0.48,0.24,2.7,0.102,32,1,3.28,0.56,10,"2"
"245",9.1,0.22,0.24,2.1,0.078,28,0.999,3.41,0.87,10.3,"2"
"246",9.9,0.63,0.24,2.4,0.077,33,0.9974,3.09,0.57,9.4,"1"
"247",8.1,0.825,0.24,2.1,0.084,13,0.9972,3.37,0.77,10.7,"2"
"248",9.2,0.59,0.24,3.3,0.101,47,0.9988,3.26,0.67,9.6,"1"
"249",9.3,0.715,0.24,2.1,0.07,20,0.9966,3.12,0.59,9.9,"1"
"250",11.2,0.66,0.24,2.5,0.085,53,0.9993,3.06,0.72,11,"2"
"251",9.1,0.47,0.49,2.6,0.094,106,0.9982,3.08,0.59,9.1,"1"
"252",7.5,0.55,0.24,2,0.078,28,0.9983,3.45,0.78,9.5,"2"
"253",10.6,0.31,0.49,2.5,0.067,21,0.9987,3.26,0.86,10.7,"2"
"254",6.8,0.51,0.01,2.1,0.074,25,0.9958,3.33,0.56,9.5,"2"
"255",9.4,0.43,0.24,2.8,0.092,45,0.998,3.19,0.73,10,"2"
"256",9.5,0.46,0.24,2.7,0.092,44,0.998,3.12,0.74,10,"2"
"257",9,0.54,0.49,2.9,0.094,110,0.9982,3.08,0.61,9.2,"1"
"258",7.6,0.29,0.49,2.7,0.092,60,0.9971,3.31,0.61,10.1,"2"
"259",6.2,0.36,0.24,2.2,0.095,42,0.9946,3.57,0.57,11.7,"2"
"260",11.5,0.35,0.49,3.3,0.07,37,1.0003,3.32,0.91,11,"2"
"261",10.2,0.24,0.49,2.4,0.075,28,0.9978,3.14,0.61,10.4,"1"
"262",9.9,0.5,0.24,2.3,0.103,14,0.9978,3.34,0.52,10,"0"
"263",8.8,0.44,0.49,2.8,0.083,111,0.9982,3.3,0.6,9.5,"1"
"264",8.8,0.47,0.49,2.9,0.085,110,0.9982,3.29,0.6,9.8,"1"
"265",10.6,0.31,0.49,2.2,0.063,40,0.9976,3.14,0.51,9.8,"2"
"266",12,0.28,0.49,1.9,0.074,21,0.9976,2.98,0.66,9.9,"2"
"267",7.3,0.73,0.24,1.9,0.108,102,0.9967,3.26,0.59,9.3,"1"
"268",9,0.45,0.49,2.6,0.084,75,0.9987,3.35,0.57,9.7,"1"
"269",9,0.45,0.49,2.6,0.084,75,0.9987,3.35,0.57,9.7,"1"
"270",9.9,0.49,0.58,3.5,0.094,43,1.0004,3.29,0.58,9,"1"
"271",8.5,0.585,0.18,2.1,0.078,30,0.9967,3.2,0.48,9.8,"2"
"272",7.7,0.835,0,2.6,0.081,14,0.9975,3.3,0.52,9.3,"1"
"273",8.3,0.58,0.13,2.9,0.096,63,0.9984,3.17,0.62,9.1,"2"
"274",8.8,0.48,0.41,3.3,0.092,52,0.9982,3.31,0.53,10.5,"2"
"275",6.3,0.36,0.19,3.2,0.075,39,0.9956,3.56,0.52,12.7,"2"
"276",8.8,0.24,0.54,2.5,0.083,57,0.9983,3.39,0.54,9.2,"1"
"277",7.5,0.64,0,2.4,0.077,29,0.9965,3.32,0.6,10,"2"
"278",9.6,0.6,0.5,2.3,0.079,71,0.9997,3.5,0.57,9.7,"1"
"279",11.3,0.37,0.41,2.3,0.088,16,0.9988,3.09,0.8,9.3,"1"
"280",8.3,0.54,0.24,3.4,0.076,112,0.9976,3.27,0.61,9.4,"1"
"281",8.2,0.56,0.23,3.4,0.078,104,0.9976,3.28,0.62,9.4,"1"
"282",10,0.58,0.22,1.9,0.08,32,0.9974,3.13,0.55,9.5,"1"
"283",8.8,0.6,0.29,2.2,0.098,15,0.9988,3.36,0.49,9.1,"1"
"284",8.8,0.6,0.29,2.2,0.098,15,0.9988,3.36,0.49,9.1,"1"
"285",8.7,0.54,0.26,2.5,0.097,31,0.9976,3.27,0.6,9.3,"2"
"286",7.6,0.685,0.23,2.3,0.111,84,0.9964,3.21,0.61,9.3,"1"
"287",8.7,0.54,0.26,2.5,0.097,31,0.9976,3.27,0.6,9.3,"2"
"288",10.4,0.28,0.54,2.7,0.105,19,0.9988,3.25,0.63,9.5,"1"
"289",7.6,0.41,0.14,3,0.087,43,0.9964,3.32,0.57,10.5,"2"
"290",7.9,0.35,0.21,1.9,0.073,102,0.9964,3.27,0.58,9.5,"1"
"291",8.7,0.84,0,1.4,0.065,33,0.9954,3.27,0.55,9.7,"1"
"292",9.9,0.54,0.45,2.3,0.071,40,0.9991,3.39,0.62,9.4,"1"
"293",9.9,0.54,0.45,2.3,0.071,40,0.9991,3.39,0.62,9.4,"1"
"294",9.9,0.54,0.45,2.3,0.071,40,0.9991,3.39,0.62,9.4,"1"
"295",8.3,0.845,0.01,2.2,0.07,14,0.9967,3.32,0.58,11,"0"
"296",8.7,0.48,0.3,2.8,0.066,28,0.9964,3.33,0.67,11.2,"2"
"297",9.4,0.33,0.59,2.8,0.079,30,0.9976,3.12,0.54,12,"2"
"298",8.6,0.47,0.47,2.4,0.074,29,0.9979,3.08,0.46,9.5,"1"
"299",9.7,0.55,0.17,2.9,0.087,53,1.0004,3.14,0.61,9.4,"1"
"300",7.2,0.52,0.07,1.4,0.074,20,0.9973,3.32,0.81,9.6,"2"
"301",7.2,0.52,0.07,1.4,0.074,20,0.9973,3.32,0.81,9.6,"2"
"302",7.5,0.42,0.31,1.6,0.08,42,0.9978,3.31,0.64,9,"1"
"303",7.2,0.57,0.06,1.6,0.076,27,0.9972,3.36,0.7,9.6,"2"
"304",9.4,0.59,0.14,2,0.084,48,0.9981,3.14,0.56,9.7,"1"
"305",8.2,0.73,0.21,1.7,0.074,13,0.9968,3.2,0.52,9.5,"1"
"306",8.2,0.73,0.21,1.7,0.074,13,0.9968,3.2,0.52,9.5,"1"
"307",10.8,0.4,0.41,2.2,0.084,17,0.9984,3.08,0.67,9.3,"2"
"308",8.6,0.8,0.11,2.3,0.084,31,0.9979,3.4,0.48,9.9,"1"
"309",8.3,0.78,0.1,2.6,0.081,87,0.9983,3.48,0.53,10,"1"
"310",10.8,0.26,0.45,3.3,0.06,49,0.9972,3.13,0.54,9.6,"1"
"311",8,0.45,0.23,2.2,0.094,29,0.9962,3.21,0.49,10.2,"2"
"312",8.5,0.46,0.31,2.25,0.078,58,0.998,3.33,0.54,9.8,"1"
"313",8.1,0.78,0.23,2.6,0.059,15,0.997,3.37,0.56,11.3,"1"
"314",8.1,0.78,0.23,2.6,0.059,15,0.997,3.37,0.56,11.3,"1"
"315",9.2,0.92,0.24,2.6,0.087,93,0.9998,3.48,0.54,9.8,"1"
"316",7,0.65,0.02,2.1,0.066,25,0.9972,3.47,0.67,9.5,"2"
"317",9.4,0.615,0.28,3.2,0.087,72,1.0001,3.31,0.53,9.7,"1"
"318",11.8,0.38,0.55,2.1,0.071,19,0.9986,3.11,0.62,10.8,"2"
"319",7,0.65,0.02,2.1,0.066,25,0.9972,3.47,0.67,9.5,"2"
"320",7,0.64,0.02,2.1,0.067,23,0.997,3.47,0.67,9.4,"2"
"321",7.5,0.38,0.48,2.6,0.073,84,0.9972,3.32,0.7,9.6,"0"
"322",9.1,0.765,0.04,1.6,0.078,14,0.998,3.29,0.54,9.7,"0"
"323",7,0.78,0.08,2,0.093,19,0.9956,3.4,0.47,10,"1"
"324",7.4,0.49,0.19,3,0.077,37,0.9966,3.37,0.51,10.5,"1"
"325",7.8,0.545,0.12,2.5,0.068,35,0.996,3.34,0.61,11.6,"2"
"326",8.9,0.565,0.34,3,0.093,112,0.9998,3.38,0.61,9.5,"1"
"327",9.9,0.74,0.28,2.6,0.078,77,0.998,3.28,0.51,9.8,"1"
"328",7.6,0.46,0.11,2.6,0.079,49,0.9968,3.21,0.57,10,"1"
"329",8.4,0.56,0.04,2,0.082,22,0.9976,3.22,0.44,9.6,"1"
"330",8.4,0.56,0.04,2,0.082,22,0.9976,3.22,0.44,9.6,"1"
"331",8.9,0.48,0.24,2.85,0.094,106,0.9982,3.1,0.53,9.2,"1"
"332",9,0.66,0.17,3,0.077,13,0.9976,3.29,0.55,10.4,"1"
"333",8.1,0.72,0.09,2.8,0.084,49,0.9994,3.43,0.72,11.1,"2"
"334",6.4,0.57,0.02,1.8,0.067,11,0.997,3.46,0.68,9.5,"1"
"335",6.4,0.57,0.02,1.8,0.067,11,0.997,3.46,0.68,9.5,"1"
"336",6.4,0.865,0.03,3.2,0.071,58,0.995,3.61,0.49,12.7,"2"
"337",8.9,0.875,0.13,3.45,0.088,14,0.9994,3.44,0.52,11.5,"1"
"338",7.3,0.835,0.03,2.1,0.092,19,0.9966,3.39,0.47,9.6,"1"
"339",7,0.45,0.34,2.7,0.082,72,0.998,3.55,0.6,9.5,"1"
"340",7.7,0.56,0.2,2,0.075,39,0.9987,3.48,0.62,9.3,"1"
"341",7.7,0.965,0.1,2.1,0.112,22,0.9963,3.26,0.5,9.5,"1"
"342",8.2,0.59,0,2.5,0.093,58,1.0002,3.5,0.65,9.3,"2"
"343",9,0.69,0,2.4,0.088,38,0.999,3.35,0.6,9.3,"1"
"344",11.1,0.39,0.54,2.7,0.095,101,1.0001,3.13,0.51,9.5,"1"
"345",7.3,0.51,0.18,2.1,0.07,28,0.99768,3.52,0.73,9.5,"2"
"346",8.2,0.34,0.38,2.5,0.08,57,0.9978,3.3,0.47,9,"2"
"347",7.2,0.5,0.18,2.1,0.071,31,0.99761,3.52,0.72,9.6,"2"
"348",7.3,0.51,0.18,2.1,0.07,28,0.99768,3.52,0.73,9.5,"2"
"349",8.3,0.65,0.1,2.9,0.089,40,0.99803,3.29,0.55,9.5,"1"
"350",7.6,0.54,0.13,2.5,0.097,66,0.99785,3.39,0.61,9.4,"1"
"351",8.3,0.65,0.1,2.9,0.089,40,0.99803,3.29,0.55,9.5,"1"
"352",7.8,0.91,0.07,1.9,0.058,47,0.99525,3.51,0.43,10.7,"2"
"353",6.3,0.98,0.01,2,0.057,33,0.99488,3.6,0.46,11.2,"2"
"354",8.1,0.87,0,2.2,0.084,31,0.99656,3.25,0.5,9.8,"1"
"355",8.1,0.87,0,2.2,0.084,31,0.99656,3.25,0.5,9.8,"1"
"356",8.8,0.42,0.21,2.5,0.092,88,0.99823,3.19,0.52,9.2,"1"
"357",9,0.58,0.25,2.8,0.075,104,0.99779,3.23,0.57,9.7,"1"
"358",9.3,0.655,0.26,2,0.096,35,0.99738,3.25,0.42,9.6,"1"
"359",8.8,0.7,0,1.7,0.069,19,0.99701,3.31,0.53,10,"2"
"360",9.1,0.68,0.11,2.8,0.093,44,0.99888,3.31,0.55,9.5,"2"
"361",9.2,0.67,0.1,3,0.091,48,0.99888,3.31,0.54,9.5,"2"
"362",8.8,0.59,0.18,2.9,0.089,74,0.99738,3.14,0.54,9.4,"1"
"363",7.1,0.59,0.02,2.3,0.082,94,0.99744,3.55,0.53,9.7,"2"
"364",7.9,0.72,0.01,1.9,0.076,32,0.99668,3.39,0.54,9.6,"1"
"365",7.1,0.59,0.02,2.3,0.082,94,0.99744,3.55,0.53,9.7,"2"
"366",7.2,1,0,3,0.102,16,0.99586,3.43,0.46,10,"1"
"367",8.3,0.43,0.3,3.4,0.079,34,0.99788,3.36,0.61,10.5,"1"
"368",7.1,0.52,0.03,2.6,0.076,92,0.99745,3.5,0.6,9.8,"1"
"369",6.5,0.46,0.14,2.4,0.114,37,0.99732,3.66,0.65,9.8,"1"
"370",7.1,0.59,0.01,2.5,0.077,85,0.99746,3.55,0.59,9.8,"1"
"371",9.9,0.35,0.41,2.3,0.083,61,0.9982,3.21,0.5,9.5,"1"
"372",10,0.56,0.24,2.2,0.079,58,0.9991,3.18,0.56,10.1,"2"
"373",10,0.56,0.24,2.2,0.079,58,0.9991,3.18,0.56,10.1,"2"
"374",7.4,0.37,0.43,2.6,0.082,82,0.99708,3.33,0.68,9.7,"2"
"375",7.1,0.61,0.02,2.5,0.081,87,0.99745,3.48,0.6,9.7,"2"
"376",7.7,0.6,0,2.6,0.055,13,0.99639,3.38,0.56,10.8,"1"
"377",10.1,0.27,0.54,2.3,0.065,26,0.99531,3.17,0.53,12.5,"2"
"378",9.4,0.5,0.34,3.6,0.082,14,0.9987,3.29,0.52,10.7,"2"
"379",8.6,0.55,0.09,3.3,0.068,17,0.99735,3.23,0.44,10,"1"
"380",7.7,0.56,0.08,2.5,0.114,46,0.9971,3.24,0.66,9.6,"2"
"381",8.4,0.52,0.22,2.7,0.084,18,0.99682,3.26,0.57,9.9,"2"
"382",7.6,0.48,0.31,2.8,0.07,15,0.99693,3.22,0.55,10.3,"2"
"383",7.3,0.49,0.1,2.6,0.068,14,0.99562,3.3,0.47,10.5,"1"
"384",6.9,0.39,0.24,2.1,0.102,7,0.99462,3.44,0.58,11.4,"0"
"385",9.1,0.66,0.15,3.2,0.097,59,0.99976,3.28,0.54,9.6,"1"
"386",7,0.685,0,1.9,0.099,22,0.99606,3.34,0.6,9.7,"1"
"387",6.7,0.54,0.13,2,0.076,36,0.9973,3.61,0.64,9.8,"1"
"388",7.1,0.48,0.28,2.8,0.068,16,0.99682,3.24,0.53,10.3,"1"
"389",7.5,0.27,0.34,2.3,0.05,8,0.9951,3.4,0.64,11,"2"
"390",7.1,0.46,0.14,2.8,0.076,37,0.99624,3.36,0.49,10.7,"1"
"391",7.5,0.685,0.07,2.5,0.058,9,0.99632,3.38,0.55,10.9,"0"
"392",5.9,0.61,0.08,2.1,0.071,24,0.99376,3.56,0.77,11.1,"2"
"393",10.1,0.31,0.35,1.6,0.075,28,0.99672,3.24,0.83,11.2,"2"
"394",6.6,0.66,0,3,0.115,31,0.99629,3.45,0.63,10.3,"1"
"395",7.1,0.685,0.35,2,0.088,92,0.9963,3.28,0.62,9.4,"1"
"396",6.4,0.64,0.21,1.8,0.081,31,0.99689,3.59,0.66,9.8,"1"
"397",7.4,0.68,0.16,1.8,0.078,39,0.9977,3.5,0.7,9.9,"2"
"398",6.4,0.64,0.21,1.8,0.081,31,0.99689,3.59,0.66,9.8,"1"
"399",9.3,0.43,0.44,1.9,0.085,22,0.99708,3.28,0.55,9.5,"1"
"400",9.3,0.43,0.44,1.9,0.085,22,0.99708,3.28,0.55,9.5,"1"
"401",9.3,0.36,0.39,1.5,0.08,55,0.99652,3.47,0.73,10.9,"2"
"402",9.3,0.36,0.39,1.5,0.08,55,0.99652,3.47,0.73,10.9,"2"
"403",9.3,0.36,0.39,1.5,0.08,55,0.99652,3.47,0.73,10.9,"2"
"404",8.2,0.26,0.34,2.5,0.073,47,0.99594,3.4,0.78,11.3,"2"
"405",11.7,0.28,0.47,1.7,0.054,32,0.99686,3.15,0.67,10.6,"2"
"406",7.2,0.62,0.06,2.7,0.077,85,0.99746,3.51,0.54,9.5,"1"
"407",7.5,0.42,0.32,2.7,0.067,25,0.99628,3.24,0.44,10.4,"1"
"408",7.2,0.62,0.06,2.5,0.078,84,0.99746,3.51,0.53,9.7,"1"
"409",7.2,0.635,0.07,2.6,0.077,86,0.99748,3.51,0.54,9.7,"1"
"410",6.9,0.56,0.03,1.5,0.086,46,0.99522,3.53,0.57,10.6,"1"
"411",7.3,0.35,0.24,2,0.067,48,0.99576,3.43,0.54,10,"0"
"412",8.8,0.31,0.4,2.8,0.109,16,0.99614,3.31,0.79,11.8,"2"
"413",7.7,0.715,0.01,2.1,0.064,43,0.99371,3.41,0.57,11.8,"2"
"414",7.6,0.715,0,2.1,0.068,35,0.99533,3.48,0.65,11.4,"2"
"415",8.9,0.75,0.14,2.5,0.086,30,0.99824,3.34,0.64,10.5,"1"
"416",9,0.8,0.12,2.4,0.083,28,0.99836,3.33,0.65,10.4,"2"
"417",6.8,0.57,0,2.5,0.072,64,0.99491,3.43,0.56,11.2,"2"
"418",7.2,0.66,0.03,2.3,0.078,86,0.99743,3.53,0.57,9.7,"1"
"419",10.1,0.45,0.23,1.9,0.082,18,0.99774,3.22,0.65,9.3,"2"
"420",7.2,0.66,0.03,2.3,0.078,86,0.99743,3.53,0.57,9.7,"1"
"421",7.2,0.63,0.03,2.2,0.08,88,0.99745,3.53,0.58,9.8,"2"
"422",7.1,0.59,0.01,2.3,0.08,43,0.9955,3.42,0.58,10.7,"2"
"423",8.3,0.31,0.39,2.4,0.078,43,0.99444,3.31,0.77,12.5,"2"
"424",7.1,0.59,0.01,2.3,0.08,43,0.9955,3.42,0.58,10.7,"2"
"425",8.3,0.31,0.39,2.4,0.078,43,0.99444,3.31,0.77,12.5,"2"
"426",8.9,0.31,0.36,2.6,0.056,39,0.99562,3.4,0.69,11.8,"1"
"427",7.4,0.635,0.1,2.4,0.08,33,0.99736,3.58,0.69,10.8,"2"
"428",7.4,0.635,0.1,2.4,0.08,33,0.99736,3.58,0.69,10.8,"2"
"429",7.2,0.54,0.27,2.6,0.084,78,0.9964,3.39,0.71,11,"1"
"430",6.1,0.56,0,2.2,0.079,9,0.9948,3.59,0.54,11.5,"2"
"431",7.4,0.52,0.13,2.4,0.078,61,0.99528,3.43,0.59,10.8,"2"
"432",10,0.46,0.44,2.9,0.065,8,0.99674,3.33,0.62,12.2,"2"
"433",8.6,0.315,0.4,2.2,0.079,6,0.99512,3.27,0.67,11.9,"2"
"434",8.4,0.36,0.32,2.2,0.081,79,0.9964,3.3,0.72,11,"2"
"435",8.4,0.62,0.12,1.8,0.072,46,0.99504,3.38,0.89,11.8,"2"
"436",9.6,0.41,0.37,2.3,0.091,23,0.99786,3.24,0.56,10.5,"1"
"437",8.4,0.62,0.12,1.8,0.072,46,0.99504,3.38,0.89,11.8,"2"
"438",8.6,0.47,0.27,2.3,0.055,28,0.99516,3.18,0.8,11.2,"1"
"439",8.6,0.22,0.36,1.9,0.064,77,0.99604,3.47,0.87,11,"2"
"440",9.4,0.24,0.33,2.3,0.061,73,0.99786,3.47,0.9,10.2,"2"
"441",8.4,0.67,0.19,2.2,0.093,75,0.99736,3.2,0.59,9.2,"0"
"442",8.6,0.47,0.27,2.3,0.055,28,0.99516,3.18,0.8,11.2,"1"
"443",8.7,0.33,0.38,3.3,0.063,19,0.99468,3.3,0.73,12,"2"
"444",7.4,0.61,0.01,2,0.074,38,0.99748,3.48,0.65,9.8,"1"
"445",7.6,0.4,0.29,1.9,0.078,66,0.9971,3.45,0.59,9.5,"2"
"446",8.8,0.3,0.38,2.3,0.06,72,0.99543,3.39,0.72,11.8,"2"
"447",6.2,0.46,0.17,1.6,0.073,11,0.99425,3.61,0.54,11.4,"1"
"448",10.1,0.43,0.4,2.6,0.092,52,0.99834,3.22,0.64,10,"2"
"449",8.3,0.28,0.48,2.1,0.093,12,0.99408,3.26,0.62,12.4,"2"
"450",8.9,0.12,0.45,1.8,0.075,21,0.99552,3.41,0.76,11.9,"2"
"451",8.9,0.12,0.45,1.8,0.075,21,0.99552,3.41,0.76,11.9,"2"
"452",8.3,0.28,0.48,2.1,0.093,12,0.99408,3.26,0.62,12.4,"2"
"453",8.2,0.31,0.4,2.2,0.058,10,0.99536,3.31,0.68,11.2,"2"
"454",10.2,0.34,0.48,2.1,0.052,9,0.99458,3.2,0.69,12.1,"2"
"455",8.5,0.21,0.52,1.9,0.09,23,0.99648,3.36,0.67,10.4,"1"
"456",9,0.36,0.52,2.1,0.111,10,0.99568,3.31,0.62,11.3,"2"
"457",8.5,0.47,0.27,1.9,0.058,38,0.99518,3.16,0.85,11.1,"2"
"458",7.1,0.56,0.14,1.6,0.078,18,0.99592,3.27,0.62,9.3,"1"
"459",6.6,0.57,0.02,2.1,0.115,16,0.99654,3.38,0.69,9.5,"1"
"460",8.5,0.47,0.27,1.9,0.058,38,0.99518,3.16,0.85,11.1,"2"
"461",8.5,0.66,0.2,2.1,0.097,113,0.99733,3.13,0.48,9.2,"1"
"462",9,0.4,0.43,2.4,0.068,46,0.9943,3.2,0.6,12.2,"2"
"463",10.4,0.26,0.48,1.9,0.066,10,0.99724,3.33,0.87,10.9,"2"
"464",7.2,0.41,0.3,2.1,0.083,72,0.997,3.44,0.52,9.4,"1"
"465",7,0.4,0.32,3.6,0.061,29,0.99416,3.28,0.49,11.3,"2"
"466",9.1,0.5,0.3,1.9,0.065,17,0.99774,3.32,0.71,10.5,"2"
"467",9.5,0.86,0.26,1.9,0.079,28,0.99712,3.25,0.62,10,"1"
"468",7.3,0.52,0.32,2.1,0.07,70,0.99418,3.34,0.82,12.9,"2"
"469",9.1,0.5,0.3,1.9,0.065,17,0.99774,3.32,0.71,10.5,"2"
"470",7.4,0.58,0,2,0.064,11,0.99562,3.45,0.58,11.3,"2"
"471",7.1,0.36,0.3,1.6,0.08,70,0.99693,3.44,0.5,9.4,"1"
"472",7.7,0.39,0.12,1.7,0.097,27,0.99596,3.16,0.49,9.4,"1"
"473",9.7,0.295,0.4,1.5,0.073,21,0.99556,3.14,0.51,10.9,"2"
"474",7.7,0.39,0.12,1.7,0.097,27,0.99596,3.16,0.49,9.4,"1"
"475",7.1,0.34,0.28,2,0.082,68,0.99694,3.45,0.48,9.4,"1"
"476",7.1,0.34,0.28,2,0.082,68,0.99694,3.45,0.48,9.4,"1"
"477",7.7,0.6,0.06,2,0.079,41,0.99697,3.39,0.62,10.1,"2"
"478",8.9,0.84,0.34,1.4,0.05,10,0.99554,3.12,0.48,9.1,"2"
"479",7.5,0.43,0.3,2.2,0.062,12,0.99495,3.44,0.72,11.5,"2"
"480",8.2,0.43,0.29,1.6,0.081,45,0.99603,3.25,0.54,10.3,"1"
"481",6.8,0.36,0.32,1.8,0.067,8,0.9928,3.36,0.55,12.8,"2"
"482",9.1,0.29,0.33,2.05,0.063,27,0.99516,3.26,0.84,11.7,"2"
"483",9.1,0.3,0.34,2,0.064,25,0.99516,3.26,0.84,11.7,"2"
"484",8.9,0.35,0.4,3.6,0.11,24,0.99549,3.23,0.7,12,"2"
"485",8.9,0.28,0.45,1.7,0.067,12,0.99354,3.25,0.55,12.3,"2"
"486",8.9,0.32,0.31,2,0.088,19,0.9957,3.17,0.55,10.4,"2"
"487",7.7,1.005,0.15,2.1,0.102,32,0.99604,3.23,0.48,10,"1"
"488",7.5,0.71,0,1.6,0.092,31,0.99635,3.38,0.58,10,"2"
"489",8.9,0.38,0.4,2.2,0.068,28,0.99486,3.27,0.75,12.6,"2"
"490",7,0.5,0.14,1.8,0.078,23,0.99636,3.53,0.61,10.4,"1"
"491",7,0.51,0.09,2.1,0.062,9,0.99584,3.35,0.54,10.5,"1"
"492",8.2,0.32,0.42,2.3,0.098,9,0.99506,3.27,0.55,12.3,"2"
"493",7.7,0.58,0.01,1.8,0.088,18,0.99568,3.32,0.56,10.5,"2"
"494",8.6,0.83,0,2.8,0.095,43,0.99822,3.33,0.6,10.4,"2"
"495",7.9,0.31,0.32,1.9,0.066,36,0.99364,3.41,0.56,12.6,"2"
"496",6.4,0.795,0,2.2,0.065,52,0.99378,3.49,0.52,11.6,"1"
"497",7.7,0.58,0.01,1.8,0.088,18,0.99568,3.32,0.56,10.5,"2"
"498",8.9,0.745,0.18,2.5,0.077,48,0.99739,3.2,0.47,9.7,"2"
"499",10.1,0.37,0.34,2.4,0.085,17,0.99683,3.17,0.65,10.6,"2"
"500",7.6,0.31,0.34,2.5,0.082,35,0.99356,3.22,0.59,12.5,"2"
"501",8.9,0.5,0.21,2.2,0.088,39,0.99692,3.33,0.83,11.1,"2"
"502",6.9,0.49,0.19,1.7,0.079,26,0.99547,3.38,0.64,9.8,"2"
"503",6.4,0.39,0.33,3.3,0.046,53,0.99294,3.36,0.62,12.2,"2"
"504",6.9,0.44,0,1.4,0.07,38,0.99438,3.32,0.58,11.4,"2"
"505",7.6,0.78,0,1.7,0.076,45,0.99612,3.31,0.62,10.7,"2"
"506",7.1,0.43,0.17,1.8,0.082,51,0.99634,3.49,0.64,10.4,"1"
"507",9.3,0.49,0.36,1.7,0.081,14,0.99702,3.27,0.78,10.9,"2"
"508",9.3,0.5,0.36,1.8,0.084,17,0.99704,3.27,0.77,10.8,"2"
"509",5.6,0.605,0.05,2.4,0.073,25,0.99258,3.56,0.55,12.9,"1"
"510",8.3,0.33,0.42,2.3,0.07,20,0.99426,3.38,0.77,12.7,"2"
"511",8.2,0.64,0.27,2,0.095,77,0.99747,3.13,0.62,9.1,"2"
"512",9.9,0.53,0.57,2.4,0.093,52,0.9971,3.19,0.76,11.6,"2"
"513",11.6,0.23,0.57,1.8,0.074,8,0.9981,3.14,0.7,9.9,"2"
"514",8,0.38,0.44,1.9,0.098,15,0.9956,3.3,0.64,11.4,"2"
"515",10.2,0.29,0.65,2.4,0.075,17,0.99565,3.22,0.63,11.8,"2"
"516",8.2,0.74,0.09,2,0.067,10,0.99418,3.28,0.57,11.8,"2"
"517",7.7,0.61,0.18,2.4,0.083,20,0.9963,3.29,0.6,10.2,"2"
"518",6.6,0.52,0.08,2.4,0.07,26,0.99358,3.4,0.72,12.5,"2"
"519",11.1,0.31,0.53,2.2,0.06,10,0.99572,3.02,0.83,10.9,"2"
"520",8,0.62,0.35,2.8,0.086,52,0.997,3.31,0.62,10.8,"1"
"521",9.3,0.33,0.45,1.5,0.057,37,0.99498,3.18,0.89,11.1,"2"
"522",8,0.62,0.33,2.7,0.088,37,0.9972,3.31,0.58,10.7,"2"
"523",9.9,0.32,0.56,2,0.073,8,0.99534,3.15,0.73,11.4,"2"
"524",7.2,0.38,0.3,1.8,0.073,70,0.99685,3.42,0.59,9.5,"2"
"525",8.7,0.42,0.45,2.4,0.072,59,0.99617,3.33,0.77,12,"2"
"526",6.8,0.48,0.08,1.8,0.074,64,0.99529,3.12,0.49,9.6,"1"
"527",7.9,0.19,0.42,1.6,0.057,30,0.994,3.29,0.69,11.2,"2"
"528",11.6,0.41,0.54,1.5,0.095,41,0.99735,3.02,0.76,9.9,"2"
"529",11.6,0.41,0.54,1.5,0.095,41,0.99735,3.02,0.76,9.9,"2"
"530",7.9,0.34,0.42,2,0.086,19,0.99546,3.35,0.6,11.4,"2"
"531",7,0.54,0.09,2,0.081,16,0.99479,3.43,0.59,11.5,"2"
"532",9.2,0.31,0.36,2.2,0.079,31,0.99615,3.33,0.86,12,"2"
"533",8.6,0.52,0.38,1.5,0.096,18,0.99666,3.2,0.52,9.4,"1"
"534",8.4,0.34,0.42,2.1,0.072,36,0.99392,3.11,0.78,12.4,"2"
"535",7.4,0.49,0.27,2.1,0.071,25,0.99388,3.35,0.63,12,"2"
"536",7.4,0.49,0.27,2.1,0.071,25,0.99388,3.35,0.63,12,"2"
"537",8,0.48,0.34,2.2,0.073,25,0.9936,3.28,0.66,12.4,"2"
"538",6.3,0.57,0.28,2.1,0.048,49,0.99374,3.41,0.6,12.8,"1"
"539",9.1,0.3,0.41,2,0.068,24,0.99523,3.27,0.85,11.7,"2"
"540",8.1,0.78,0.1,3.3,0.09,13,0.99855,3.36,0.49,9.5,"1"
"541",8.3,0.53,0,1.4,0.07,14,0.99593,3.25,0.64,10,"2"
"542",7.9,0.33,0.41,1.5,0.056,35,0.99396,3.29,0.71,11,"2"
"543",7,0.69,0.07,2.5,0.091,21,0.99572,3.38,0.6,11.3,"2"
"544",7,0.69,0.07,2.5,0.091,21,0.99572,3.38,0.6,11.3,"2"
"545",7,0.69,0.07,2.5,0.091,21,0.99572,3.38,0.6,11.3,"2"
"546",5.6,0.66,0,2.5,0.066,15,0.99256,3.52,0.58,12.9,"1"
"547",8.8,0.24,0.35,1.7,0.055,27,0.99394,3.14,0.59,11.3,"2"
"548",6.3,0.76,0,2.9,0.072,52,0.99379,3.51,0.6,11.5,"2"
"549",10,0.43,0.33,2.7,0.095,89,0.9984,3.22,0.68,10,"1"
"550",9.1,0.6,0,1.9,0.058,10,0.9977,3.18,0.63,10.4,"2"
"551",8.5,0.28,0.35,1.7,0.061,15,0.99524,3.3,0.74,11.8,"2"
"552",8,0.25,0.43,1.7,0.067,50,0.9946,3.38,0.6,11.9,"2"
"553",10.4,0.52,0.45,2,0.08,13,0.99774,3.22,0.76,11.4,"2"
"554",8.2,0.51,0.24,2,0.079,86,0.99764,3.34,0.64,9.5,"2"
"555",7.3,0.4,0.3,1.7,0.08,79,0.9969,3.41,0.65,9.5,"2"
"556",8.2,0.38,0.32,2.5,0.08,71,0.99624,3.27,0.85,11,"2"
"557",6.9,0.45,0.11,2.4,0.043,12,0.99354,3.3,0.65,11.4,"2"
"558",7,0.22,0.3,1.8,0.065,20,0.99672,3.61,0.82,10,"2"
"559",7.3,0.32,0.23,2.3,0.066,70,0.99588,3.43,0.62,10.1,"1"
"560",8.2,0.2,0.43,2.5,0.076,51,0.99672,3.53,0.81,10.4,"2"
"561",7.8,0.39,0.42,2,0.086,21,0.99526,3.39,0.66,11.6,"2"
"562",10,0.35,0.47,2,0.061,11,0.99585,3.23,0.52,12,"2"
"563",6.1,0.58,0.23,2.5,0.044,70,0.99352,3.46,0.65,12.5,"2"
"564",9.6,0.42,0.35,2.1,0.083,38,0.99622,3.23,0.66,11.1,"2"
"565",8.5,0.18,0.51,1.75,0.071,88,0.99524,3.33,0.76,11.8,"2"
"566",5.1,0.51,0.18,2.1,0.042,101,0.9924,3.46,0.87,12.9,"2"
"567",8.5,0.32,0.42,2.3,0.075,19,0.99434,3.14,0.71,11.8,"2"
"568",9,0.785,0.24,1.7,0.078,21,0.99692,3.29,0.67,10,"1"
"569",8.2,0.33,0.39,2.5,0.074,48,0.99528,3.32,0.88,12.4,"2"
"570",6.5,0.34,0.27,2.8,0.067,44,0.99384,3.21,0.56,12,"2"
"571",7.6,0.5,0.29,2.3,0.086,14,0.99502,3.32,0.62,11.5,"2"
"572",9.2,0.36,0.34,1.6,0.062,12,0.99667,3.2,0.67,10.5,"2"
"573",9.7,0.42,0.46,2.1,0.074,16,0.99649,3.27,0.74,12.3,"2"
"574",7.6,0.36,0.31,1.7,0.079,65,0.99716,3.46,0.62,9.5,"2"
"575",7.6,0.36,0.31,1.7,0.079,65,0.99716,3.46,0.62,9.5,"2"
"576",6.5,0.61,0,2.2,0.095,59,0.99541,3.61,0.7,11.5,"2"
"577",8.2,0.35,0.33,2.4,0.076,47,0.99599,3.27,0.81,11,"2"
"578",9.8,0.39,0.43,1.65,0.068,11,0.99478,3.19,0.46,11.4,"1"
"579",6.8,0.66,0.07,1.6,0.07,61,0.99572,3.29,0.6,9.3,"1"
"580",8.8,0.955,0.05,1.8,0.075,19,0.99616,3.3,0.44,9.6,"0"
"581",7.2,0.25,0.37,2.5,0.063,41,0.99439,3.52,0.8,12.4,"2"
"582",7,0.745,0.12,1.8,0.114,64,0.99588,3.22,0.59,9.5,"2"
"583",6.2,0.43,0.22,1.8,0.078,56,0.99633,3.52,0.6,9.5,"2"
"584",7.7,0.57,0.21,1.5,0.069,9,0.99458,3.16,0.54,9.8,"2"
"585",7.7,0.26,0.26,2,0.052,77,0.9951,3.15,0.79,10.9,"2"
"586",7.9,0.58,0.23,2.3,0.076,94,0.99686,3.21,0.58,9.5,"2"
"587",7.7,0.57,0.21,1.5,0.069,9,0.99458,3.16,0.54,9.8,"2"
"588",7.9,0.34,0.36,1.9,0.065,10,0.99419,3.27,0.54,11.2,"2"
"589",7.2,0.36,0.46,2.1,0.074,44,0.99534,3.4,0.85,11,"2"
"590",7.2,0.36,0.46,2.1,0.074,44,0.99534,3.4,0.85,11,"2"
"591",7.2,0.36,0.46,2.1,0.074,44,0.99534,3.4,0.85,11,"2"
"592",6.2,0.39,0.43,2,0.071,24,0.99428,3.45,0.87,11.2,"2"
"593",6.8,0.65,0.02,2.1,0.078,15,0.99498,3.35,0.62,10.4,"2"
"594",6.8,0.65,0.02,2.1,0.078,15,0.99498,3.35,0.62,10.4,"2"
"595",10.2,0.33,0.46,1.9,0.081,9,0.99628,3.1,0.48,10.4,"2"
"596",7.9,0.57,0.31,2,0.079,79,0.99677,3.29,0.69,9.5,"2"
"597",9,0.39,0.4,1.3,0.044,50,0.99478,3.2,0.83,10.9,"2"
"598",9.2,0.46,0.23,2.6,0.091,77,0.99922,3.15,0.51,9.4,"1"
"599",9,0.58,0.25,2,0.104,21,0.99769,3.27,0.72,9.6,"1"
"600",7.6,0.43,0.29,2.1,0.075,66,0.99718,3.4,0.64,9.5,"1"
"601",7.7,0.18,0.34,2.7,0.066,58,0.9947,3.37,0.78,11.8,"2"
"602",7.8,0.815,0.01,2.6,0.074,90,0.99621,3.38,0.62,10.8,"1"
"603",7.6,0.43,0.29,2.1,0.075,66,0.99718,3.4,0.64,9.5,"1"
"604",7.1,0.75,0.01,2.2,0.059,18,0.99242,3.39,0.4,12.8,"2"
"605",7.8,0.55,0,1.7,0.07,17,0.99659,3.26,0.64,9.4,"2"
"606",7.1,0.75,0.01,2.2,0.059,18,0.99242,3.39,0.4,12.8,"2"
"607",8.1,0.73,0,2.5,0.081,24,0.99798,3.38,0.46,9.6,"0"
"608",7.5,0.61,0.2,1.7,0.076,60,0.99494,3.1,0.4,9.3,"1"
"609",8.3,0.56,0.22,2.4,0.082,86,0.9983,3.37,0.62,9.5,"1"
"610",7.4,0.55,0.19,1.8,0.082,34,0.99655,3.49,0.68,10.5,"1"
"611",7.4,0.74,0.07,1.7,0.086,48,0.99502,3.12,0.48,10,"1"
"612",7.1,0.6,0.01,2.3,0.079,37,0.99514,3.4,0.61,10.9,"2"
"613",7.5,0.58,0.14,2.2,0.077,60,0.9963,3.28,0.59,9.8,"1"
"614",7.9,0.66,0,1.4,0.096,13,0.99569,3.43,0.58,9.5,"1"
"615",7.8,0.7,0.06,1.9,0.079,35,0.99628,3.4,0.69,10.9,"1"
"616",7.5,0.59,0.22,1.8,0.082,60,0.99499,3.1,0.42,9.2,"1"
"617",9.8,0.45,0.38,2.5,0.081,66,0.99726,3.15,0.58,9.8,"1"
"618",8.5,0.37,0.32,1.8,0.066,51,0.99456,3.38,0.72,11.8,"2"
"619",7.2,0.57,0.05,2.3,0.081,36,0.99564,3.38,0.6,10.3,"2"
"620",7.2,0.57,0.05,2.3,0.081,36,0.99564,3.38,0.6,10.3,"2"
"621",10.4,0.43,0.5,2.3,0.068,19,0.996,3.1,0.87,11.4,"2"
"622",6.9,0.41,0.31,2,0.079,51,0.99668,3.47,0.55,9.5,"2"
"623",7.3,0.44,0.2,1.6,0.049,64,0.9935,3.38,0.57,11.7,"2"
"624",5.9,0.46,0,1.9,0.077,44,0.99385,3.5,0.53,11.2,"1"
"625",7.5,0.58,0.2,2,0.073,44,0.99494,3.1,0.43,9.3,"1"
"626",7.8,0.58,0.13,2.1,0.102,36,0.9944,3.24,0.53,11.2,"2"
"627",8,0.715,0.22,2.3,0.075,81,0.99688,3.24,0.54,9.5,"2"
"628",7,0.69,0,1.9,0.114,10,0.99636,3.35,0.6,9.7,"2"
"629",8,0.715,0.22,2.3,0.075,81,0.99688,3.24,0.54,9.5,"2"
"630",9.8,0.3,0.39,1.7,0.062,9,0.9948,3.14,0.57,11.5,"2"
"631",7.1,0.46,0.2,1.9,0.077,54,0.9956,3.37,0.64,10.4,"2"
"632",7.1,0.46,0.2,1.9,0.077,54,0.9956,3.37,0.64,10.4,"2"
"633",7.9,0.765,0,2,0.084,22,0.99619,3.33,0.68,10.9,"2"
"634",8.7,0.63,0.28,2.7,0.096,69,0.99734,3.26,0.63,10.2,"2"
"635",7,0.42,0.19,2.3,0.071,36,0.99476,3.39,0.56,10.9,"1"
"636",11.3,0.37,0.5,1.8,0.09,47,0.99734,3.15,0.57,10.5,"1"
"637",7.6,0.74,0,1.9,0.1,12,0.99521,3.36,0.59,11,"1"
"638",8.2,0.635,0.1,2.1,0.073,60,0.99638,3.29,0.75,10.9,"2"
"639",5.9,0.395,0.13,2.4,0.056,28,0.99362,3.62,0.67,12.4,"2"
"640",7.2,0.53,0.14,2.1,0.064,29,0.99323,3.35,0.61,12.1,"2"
"641",6.7,0.86,0.07,2,0.1,57,0.99598,3.6,0.74,11.7,"2"
"642",9.1,0.37,0.32,2.1,0.064,15,0.99576,3.3,0.8,11.2,"2"
"643",7.6,0.79,0.21,2.3,0.087,68,0.9955,3.12,0.44,9.2,"1"
"644",7.5,0.61,0.26,1.9,0.073,88,0.99612,3.3,0.53,9.8,"1"
"645",9.7,0.69,0.32,2.5,0.088,91,0.9979,3.29,0.62,10.1,"1"
"646",7,0.62,0.1,1.4,0.071,63,0.996,3.28,0.61,9.2,"1"
"647",6.5,0.51,0.15,3,0.064,27,0.9929,3.33,0.59,12.8,"2"
"648",7.5,0.63,0.27,2,0.083,91,0.99616,3.26,0.58,9.8,"2"
"649",9.1,0.34,0.42,1.8,0.058,18,0.99392,3.18,0.55,11.4,"1"
"650",6.7,0.46,0.24,1.7,0.077,34,0.9948,3.39,0.6,10.6,"2"
"651",6.7,0.46,0.24,1.7,0.077,34,0.9948,3.39,0.6,10.6,"2"
"652",6.7,0.46,0.24,1.7,0.077,34,0.9948,3.39,0.6,10.6,"2"
"653",6.7,0.46,0.24,1.7,0.077,34,0.9948,3.39,0.6,10.6,"2"
"654",6.5,0.52,0.11,1.8,0.073,38,0.9955,3.34,0.52,9.3,"1"
"655",7.4,0.6,0.26,2.1,0.083,91,0.99616,3.29,0.56,9.8,"2"
"656",7.4,0.6,0.26,2.1,0.083,91,0.99616,3.29,0.56,9.8,"2"
"657",8.4,0.39,0.1,1.7,0.075,25,0.99581,3.09,0.43,9.7,"2"
"658",9.1,0.775,0.22,2.2,0.079,48,0.9976,3.18,0.51,9.6,"1"
"659",6.6,0.58,0.02,2.4,0.069,40,0.99387,3.38,0.66,12.6,"2"
"660",6,0.5,0,1.4,0.057,26,0.99448,3.36,0.45,9.5,"1"
"661",6,0.5,0,1.4,0.057,26,0.99448,3.36,0.45,9.5,"1"
"662",6,0.5,0,1.4,0.057,26,0.99448,3.36,0.45,9.5,"1"
"663",7.5,0.51,0.02,1.7,0.084,31,0.99538,3.36,0.54,10.5,"2"
"664",7.5,0.51,0.02,1.7,0.084,31,0.99538,3.36,0.54,10.5,"2"
"665",7.5,0.51,0.02,1.7,0.084,31,0.99538,3.36,0.54,10.5,"2"
"666",7.5,0.51,0.02,1.7,0.084,31,0.99538,3.36,0.54,10.5,"2"
"667",11.5,0.42,0.48,2.6,0.077,20,0.99852,3.09,0.53,11,"1"
"668",8.2,0.44,0.24,2.3,0.063,28,0.99613,3.25,0.53,10.2,"2"
"669",6.1,0.59,0.01,2.1,0.056,13,0.99472,3.52,0.56,11.4,"1"
"670",7.2,0.655,0.03,1.8,0.078,12,0.99587,3.34,0.39,9.5,"1"
"671",7.2,0.62,0.01,2.3,0.065,46,0.99332,3.32,0.51,11.8,"2"
"672",7.6,0.645,0.03,1.9,0.086,57,0.9969,3.37,0.46,10.3,"1"
"673",6.1,0.32,0.25,1.8,0.086,32,0.99464,3.36,0.44,10.1,"1"
"674",6.1,0.34,0.25,1.8,0.084,28,0.99464,3.36,0.44,10.1,"1"
"675",7.3,0.43,0.24,2.5,0.078,67,0.99648,3.6,0.59,11.1,"2"
"676",11.6,0.475,0.4,1.4,0.091,28,0.99704,3.07,0.65,10.03333333,"2"
"677",8.3,0.85,0.14,2.5,0.093,54,0.99724,3.36,0.54,10.1,"1"
"678",11.6,0.475,0.4,1.4,0.091,28,0.99704,3.07,0.65,10.03333333,"2"
"679",7.2,0.605,0.02,1.9,0.096,31,0.995,3.46,0.53,11.8,"2"
"680",7.3,0.74,0.08,1.7,0.094,45,0.99576,3.24,0.5,9.8,"1"
"681",8,0.77,0.32,2.1,0.079,74,0.99656,3.27,0.5,9.8,"2"
"682",8.2,0.885,0.2,1.4,0.086,31,0.9946,3.11,0.46,10,"1"
"683",7.2,0.45,0.15,2,0.078,28,0.99609,3.29,0.51,9.9,"2"
"684",7.5,0.57,0.02,2.6,0.077,35,0.99557,3.36,0.62,10.8,"2"
"685",7.5,0.57,0.02,2.6,0.077,35,0.99557,3.36,0.62,10.8,"2"
"686",8,0.6,0.22,2.1,0.08,105,0.99613,3.3,0.49,9.9,"1"
"687",8,0.6,0.22,2.1,0.08,105,0.99613,3.3,0.49,9.9,"1"
"688",7.1,0.755,0.15,1.8,0.107,84,0.99593,3.19,0.5,9.5,"1"
"689",8,0.81,0.25,3.4,0.076,85,0.99668,3.19,0.42,9.2,"1"
"690",7.4,0.64,0.07,1.8,0.1,23,0.9961,3.3,0.58,9.6,"1"
"691",6,0.49,0,2.3,0.068,33,0.99292,3.58,0.59,12.5,"2"
"692",8,0.64,0.22,2.4,0.094,33,0.99612,3.37,0.58,11,"1"
"693",7.1,0.62,0.06,1.3,0.07,12,0.9942,3.17,0.48,9.8,"1"
"694",8,0.52,0.25,2,0.078,59,0.99612,3.3,0.48,10.2,"1"
"695",8.6,0.685,0.1,1.6,0.092,12,0.99745,3.31,0.65,9.55,"2"
"696",8.7,0.675,0.1,1.6,0.09,11,0.99745,3.31,0.65,9.55,"1"
"697",7.3,0.59,0.26,2,0.08,104,0.99584,3.28,0.52,9.9,"1"
"698",7.2,0.67,0,2.2,0.068,24,0.9956,3.42,0.72,11.1,"2"
"699",7.6,0.3,0.42,2,0.052,24,0.9963,3.44,0.82,11.9,"2"
"700",8,0.5,0.39,2.6,0.082,46,0.9985,3.43,0.62,10.7,"2"
"701",6.6,0.96,0,1.8,0.082,16,0.9936,3.5,0.44,11.9,"2"
"702",6.4,0.47,0.4,2.4,0.071,19,0.9963,3.56,0.73,10.6,"2"
"703",9.9,0.57,0.25,2,0.104,89,0.9963,3.04,0.9,10.1,"1"
"704",10,0.32,0.59,2.2,0.077,15,0.9994,3.2,0.78,9.6,"1"
"705",6.2,0.58,0,1.6,0.065,18,0.9966,3.56,0.84,9.4,"1"
"706",10,0.32,0.59,2.2,0.077,15,0.9994,3.2,0.78,9.6,"1"
"707",7.3,0.34,0.33,2.5,0.064,37,0.9952,3.35,0.77,12.1,"2"
"708",7.8,0.53,0.01,1.6,0.077,19,0.995,3.16,0.46,9.8,"1"
"709",7.8,0.53,0.01,1.6,0.077,19,0.995,3.16,0.46,9.8,"1"
"710",7.5,0.4,0.18,1.6,0.079,58,0.9965,3.34,0.58,9.4,"1"
"711",7,0.54,0,2.1,0.079,55,0.9956,3.39,0.84,11.4,"2"
"712",7.6,0.41,0.33,2.5,0.078,23,0.9957,3.3,0.58,11.2,"1"
"713",7.8,0.64,0,1.9,0.072,55,0.9962,3.31,0.63,11,"1"
"714",7.4,0.41,0.24,1.8,0.066,47,0.9956,3.37,0.62,10.4,"1"
"715",7.6,0.43,0.31,2.1,0.069,74,0.9958,3.26,0.54,9.9,"2"
"716",6.1,0.4,0.16,1.8,0.069,25,0.9955,3.42,0.74,10.1,"2"
"717",7,0.59,0,1.7,0.052,8,0.996,3.41,0.47,10.3,"1"
"718",7.3,0.67,0.02,2.2,0.072,92,0.99566,3.32,0.68,11.06666667,"2"
"719",6.9,0.58,0.2,1.75,0.058,22,0.99322,3.38,0.49,11.7,"1"
"720",6.8,0.67,0,1.9,0.08,39,0.99701,3.4,0.74,9.7,"1"
"721",7.2,0.37,0.32,2,0.062,28,0.9947,3.23,0.73,11.3,"2"
"722",7.8,0.32,0.44,2.7,0.104,17,0.99732,3.33,0.78,11,"2"
"723",6.6,0.58,0.02,2,0.062,53,0.99374,3.35,0.76,11.6,"2"
"724",11.7,0.45,0.63,2.2,0.073,23,0.99974,3.21,0.69,10.9,"2"
"725",6.5,0.9,0,1.6,0.052,17,0.99467,3.5,0.63,10.9,"2"
"726",7.6,0.49,0.33,1.9,0.074,85,0.99706,3.41,0.58,9,"1"
"727",8.4,0.29,0.4,1.7,0.067,20,0.99603,3.39,0.6,10.5,"1"
"728",7.9,0.2,0.35,1.7,0.054,15,0.99458,3.32,0.8,11.9,"2"
"729",6.4,0.42,0.09,2.3,0.054,64,0.99724,3.41,0.68,10.4,"2"
"730",6.2,0.785,0,2.1,0.06,13,0.99664,3.59,0.61,10,"0"
"731",6.9,0.63,0.01,2.4,0.076,39,0.99522,3.34,0.53,10.8,"2"
"732",6.8,0.59,0.1,1.7,0.063,53,0.9958,3.41,0.67,9.7,"1"
"733",7.3,0.48,0.32,2.1,0.062,54,0.99728,3.3,0.65,10,"2"
"734",7.3,0.48,0.32,2.1,0.062,54,0.99728,3.3,0.65,10,"2"
"735",7.6,0.35,0.6,2.6,0.073,44,0.99656,3.38,0.79,11.1,"2"
"736",6.1,0.6,0.08,1.8,0.071,45,0.99336,3.38,0.54,11,"1"
"737",8.2,0.28,0.6,3,0.104,22,0.99828,3.39,0.68,10.6,"1"
"738",5.6,0.62,0.03,1.5,0.08,13,0.99498,3.66,0.62,10.1,"0"
"739",8.2,0.28,0.6,3,0.104,22,0.99828,3.39,0.68,10.6,"1"
"740",8.1,0.33,0.44,1.5,0.042,12,0.99542,3.35,0.61,10.7,"1"
"741",7,0.655,0.16,2.1,0.074,25,0.99606,3.37,0.55,9.7,"1"
"742",6.8,0.68,0.21,2.1,0.07,23,0.99546,3.38,0.6,10.3,"1"
"743",6,0.64,0.05,1.9,0.066,17,0.99496,3.52,0.78,10.6,"1"
"744",6.2,0.65,0.06,1.6,0.05,18,0.99348,3.57,0.54,11.95,"1"
"745",6.4,0.31,0.09,1.4,0.066,28,0.99459,3.42,0.7,10,"2"
"746",7,0.43,0.02,1.9,0.08,28,0.99492,3.35,0.81,10.6,"2"
"747",6.9,0.74,0.03,2.3,0.054,16,0.99508,3.45,0.63,11.5,"2"
"748",6.9,0.74,0.03,2.3,0.054,16,0.99508,3.45,0.63,11.5,"2"
"749",6.2,0.44,0.39,2.5,0.077,14,0.99555,3.51,0.69,11,"2"
"750",7.5,0.38,0.57,2.3,0.106,12,0.99605,3.36,0.55,11.4,"2"
"751",6.8,0.81,0.05,2,0.07,14,0.99562,3.51,0.66,10.8,"2"
"752",7.5,0.38,0.57,2.3,0.106,12,0.99605,3.36,0.55,11.4,"2"
"753",7.1,0.27,0.6,2.1,0.074,25,0.99814,3.38,0.72,10.6,"2"
"754",7.9,0.18,0.4,1.8,0.062,20,0.9941,3.28,0.7,11.1,"1"
"755",6.4,0.36,0.21,2.2,0.047,48,0.99661,3.47,0.77,9.7,"2"
"756",7.1,0.69,0.04,2.1,0.068,27,0.99712,3.44,0.67,9.8,"1"
"757",6.5,0.53,0.06,2,0.063,44,0.99489,3.38,0.83,10.3,"2"
"758",7.4,0.47,0.46,2.2,0.114,20,0.99647,3.32,0.63,10.5,"1"
"759",6.6,0.7,0.08,2.6,0.106,27,0.99665,3.44,0.58,10.2,"1"
"760",6.8,0.48,0.25,2,0.076,61,0.9953,3.34,0.6,10.4,"1"
"761",6.7,0.48,0.08,2.1,0.064,34,0.99552,3.33,0.64,9.7,"1"
"762",6.8,0.47,0.08,2.2,0.064,38,0.99553,3.3,0.65,9.6,"2"
"763",7.9,0.29,0.49,2.2,0.096,59,0.99714,3.31,0.67,10.1,"2"
"764",7.1,0.69,0.08,2.1,0.063,52,0.99608,3.42,0.6,10.2,"2"
"765",6.6,0.44,0.09,2.2,0.063,18,0.99444,3.42,0.69,11.3,"2"
"766",6.1,0.705,0.1,2.8,0.081,28,0.99631,3.6,0.66,10.2,"1"
"767",7.2,0.53,0.13,2,0.058,22,0.99573,3.21,0.68,9.9,"2"
"768",8,0.39,0.3,1.9,0.074,84,0.99717,3.39,0.61,9,"1"
"769",6.6,0.56,0.14,2.4,0.064,29,0.99397,3.42,0.62,11.7,"2"
"770",7,0.55,0.13,2.2,0.075,35,0.9959,3.36,0.59,9.7,"2"
"771",6.2,0.64,0.09,2.5,0.081,26,0.99538,3.57,0.63,12,"1"
"772",8.4,0.37,0.43,2.3,0.063,19,0.9955,3.17,0.81,11.2,"2"
"773",6.5,0.63,0.33,1.8,0.059,28,0.99531,3.36,0.64,10.1,"2"
"774",7,0.57,0.02,2,0.072,26,0.99575,3.36,0.61,10.2,"1"
"775",11.2,0.4,0.5,2,0.099,50,0.99783,3.1,0.58,10.4,"1"
"776",7.1,0.67,0,2.3,0.083,27,0.99768,3.44,0.54,9.4,"1"
"777",7.3,0.735,0,2.2,0.08,28,0.99765,3.41,0.6,9.4,"1"
"778",7,0.56,0.17,1.7,0.065,24,0.99514,3.44,0.68,10.55,"2"
"779",6.6,0.88,0.04,2.2,0.066,20,0.99636,3.53,0.56,9.9,"1"
"780",6.6,0.855,0.02,2.4,0.062,23,0.99627,3.54,0.6,11,"2"
"781",7.2,0.695,0.13,2,0.076,20,0.99546,3.29,0.54,10.1,"1"
"782",7.2,0.695,0.13,2,0.076,20,0.99546,3.29,0.54,10.1,"1"
"783",6.7,0.67,0.02,1.9,0.061,42,0.99489,3.39,0.82,10.9,"2"
"784",6.7,0.16,0.64,2.1,0.059,52,0.99494,3.34,0.71,11.2,"2"
"785",7.2,0.695,0.13,2,0.076,20,0.99546,3.29,0.54,10.1,"1"
"786",7,0.56,0.13,1.6,0.077,42,0.99629,3.34,0.59,9.2,"1"
"787",6.2,0.51,0.14,1.9,0.056,34,0.99396,3.48,0.57,11.5,"2"
"788",7.3,0.69,0.32,2.2,0.069,104,0.99632,3.33,0.51,9.5,"1"
"789",6,0.58,0.2,2.4,0.075,50,0.99467,3.58,0.67,12.5,"2"
"790",7.5,0.52,0.4,2.2,0.06,20,0.99474,3.26,0.64,11.8,"2"
"791",8,0.3,0.63,1.6,0.081,29,0.99588,3.3,0.78,10.8,"2"
"792",7.4,0.35,0.33,2.4,0.068,26,0.9947,3.36,0.6,11.9,"2"
"793",6.1,0.715,0.1,2.6,0.053,27,0.99362,3.57,0.5,11.9,"1"
"794",6.2,0.46,0.29,2.1,0.074,98,0.99578,3.33,0.62,9.8,"1"
"795",6.7,0.32,0.44,2.4,0.061,34,0.99484,3.29,0.8,11.6,"2"
"796",7.5,0.31,0.41,2.4,0.065,60,0.99492,3.34,0.85,11.4,"2"
"797",5.8,0.61,0.11,1.8,0.066,28,0.99483,3.55,0.66,10.9,"2"
"798",6.3,0.55,0.15,1.8,0.077,35,0.99314,3.32,0.82,11.6,"2"
"799",5.4,0.74,0.09,1.7,0.089,26,0.99402,3.67,0.56,11.6,"2"
"800",6.3,0.51,0.13,2.3,0.076,40,0.99574,3.42,0.75,11,"2"
"801",6.8,0.62,0.08,1.9,0.068,38,0.99651,3.42,0.82,9.5,"2"
"802",6.2,0.6,0.08,2,0.09,44,0.9949,3.45,0.58,10.5,"1"
"803",5.9,0.55,0.1,2.2,0.062,51,0.99512,3.52,0.76,11.2,"2"
"804",5.9,0.645,0.12,2,0.075,44,0.99547,3.57,0.71,10.2,"1"
